,date,review_text,rating_score,is_edited,username,title_text,country
0,2022-03-22 15:47:30,"I could really use a few things:
- Better Apple Pencil support in figjam (real palm rejection; allowing me to write inside of a blob (shape) with my Apple Pencil and convert it to text.)
- Let me move the toolbox out of the way on the screen.
For the preceding improvements I would be willing to pay 2 stars.",5,False,McNruiser,Making progress,us
1,2022-09-19 15:11:09,"Converted to figma from sketch. Program is a nice upgrade. But one huge design flaw that I can‚Äôt get over. When I run my prototype to present, figma loads my assets one by one, it causes an issue because assets should be completely loaded before starting a presentation. Common sense. 

When you first run the presentation let the loader ACTUALLY load the assets then start the presentation. It is embarrassing. What is the point of showing you are loading a prototype if your assets are not actually being loaded.I don‚Äôt  want to have to tell my client oh wait for your assets to load. That‚Äôs unprofessional. Doesn‚Äôt matter if the asset is large or not. Load my assets first before presenting.

This is huge because if I am presenting to a team, they should not see anything in the presentation other than the intended first frame not have the prototype assets load one by one like a website they can click on things before ready. Doesn‚Äôt matter if I have large assets or not. When you load a presentation. Load it. Show a spinner. But don‚Äôt show the actual assets loading. Automated actions fail to show and overall is not good practice. 

If this is fixed this program will allow me to stop my subscription to my other programs. It‚Äôs too embarrassing to load my prototypes to my clients right now. I hope this is fixed so I can centralize my programs I use to figma.",2,False,ADiddle2646,Major design flaw,us
2,2022-07-31 14:58:45,"I love Figma on desktop but the mobile app on phone and iPad fall short in a big way.  I use it almost exclusively for the mirror function and I would have given it 3 stars if it weren‚Äôt so buggy.  

Bugs I have found while using mirror include:
- Loses connection periodically 
- Freezes often and needs to be restarted 
- The prototype doesn‚Äôt always appear exactly as on screen.  For example, I had an icon with a transparent container around it and layers that had shadows.  It looked fine on the computer screen but on the phone, the container background appeared white and the shadows were applied to the container instead of the objects inside it. 
- It would be nice to have an option to turn on/off status bar and home bar if they are already on your designs.  
- Animations are not very smooth. 

Aside from the mirror feature, I wanted to view and respond to a comment while I was on the go, but I can‚Äôt see the comments.  

It seems all that I can do view my frames. I would really love editing capabilities, especially for iPad.  If I could design in Figma on iPad it would save my hand so much from all the mouse clicks.  In the meantime, I‚Äôm just trying to learn all the shortcuts keys!",2,False,Liquidfire37,Buggy and lacks essential features,us
3,2022-10-26 15:48:21,"I‚Äôm not entirely sure who the audience is for this. I use it as a way to keep track of designs and comments on Figma, but there are enough rough edges that I hesitate to open it.

1. Comment functionality was added (yes!), but you can‚Äôt find new comments within the file. You have to close the file, go to the alerts section and tap the comment there to then re-open the file to the new comment. Opening the file can take a minute, so this is really inefficient.

2. Within a. Few minutes of opening the file and zooming / scrolling around, the system seems to forget how to scroll and every swipe, two finger or one, activates the zoom. You have to force-quit the app to get it working again, and within a few minutes it‚Äôs back to zooming on every touch.

I think the team need to focus on why this app exists. I would love if it was for my use case‚Äînon-designer that needs to review mocks and make comments‚Äîbut even if that wasn‚Äôt the goal, it needs some clear workflow definition.",3,False,Park's Pop,A bit flaky,us
4,2023-01-15 07:06:46,"This is just a comment on Figma as a company. But their model is shady, and it‚Äôs clear why they‚Äôve made so much money. They trick designers to not know that any invited editor gets billed to their account. $15 each. Even if the other has a pro account. This means if you have a pro account, and the invited person also has a pro account. You still get charged $15 the minute they can edit your file. This is not collaborative and makes me question the real ‚Äúgame changing‚Äù collaboration model they claim to offer. They‚Äôve limited the free experience, which is fine. But to be shady to paying Figma users is messed up. Be more transparent, and fix your business model. You have enough money to do so after the $20 Billion dollar purchase from Adobe.",1,False,gonobeanoe,Figma Dark Patterns,us
5,2022-06-28 19:24:49,"Figma is good at many things, but vector editing is definitely not their strong suit. Neither is photo editing. It is optimized for quick & relatively low skill mocking, but not for creating actual elements of the design, like high quality iconography. So I still very much need Photoshop and Illustrator. Animation abilities are also very limited. So there‚Äôs no way to make a realistic prototype with just Figma. Please provide at least an ability to copy paste vector INTO Illustrator, not just from.",3,False,remedijos,Please improve vector editing & ability to copy paste into Illustrator,us
6,2022-12-21 04:50:18,"I‚Äôm so shocked by how buggy this app is that I have to write a review. Mobile designers rely on the mirror function heavily, but it is barely usable, the toast at the bottom never dismisses, it loads slowly and often disconnects, or loads the wrong page and you have to deselect and reselect the frame on computer to trigger the refresh, it ignores your frame selection if u have a flow on this page and will just keep playing that flow‚Ä¶ I have no idea who made and approved this, and I‚Äôm just simply afraid to touch the open file feature. Also no real iPad apps in 2022. Hello??",1,False,SlayHisWigOff,Do ppl at figma even use this?,us
7,2022-11-09 10:22:08,"Apple Pencil is barely supported.  Drawing is excruciatingly slow.  But the best part is that when using the text tool, whether for existing text or new, at least 4/5 times it doesn‚Äôt activate the keyboard. 

So unless you‚Äôre not in a hurry, and have an external keyboard connected, you will not have any fun creating or editing jams on the go.

Two stars for the basic utility of (very, very slowly) accessing your team documents, and at least you can cross things out and leave comments.",2,False,Eurofrosty,FigJam unusable on iPad,us
8,2022-03-09 21:54:14,"I love using Figma, but the persistent bugs that exist on the app are frustrating. The app is super useful; I love it. It‚Äôs simply a frustrating experience a large portion of the time. It‚Äôs unfortunate to see a lack of development and care put towards it. I switched over from Adobe XD, and they had a better app experience‚Äî as the reviews show. Hoping for improvement here.",4,False,nolanperry,"Figma is wonderful, but their app isn‚Äôt",us
9,2022-02-20 20:13:18,"Hi, 
I could not log in into my account after I installed the latest update. I tried changing my password, reinstalled the app. everything works on my desktop. 
The app doesn‚Äôt provide a system respond on what‚Äôs wrong, just shows the log in page. Doesn‚Äôt say if password or email are wrong. (Which they are not). When I press on Log in button, the focus state goes on passes field (which already has my password). Please help.",2,False,Masha_Kh,Cannot log in after updating the app,us
10,2022-01-05 17:43:09,"It is good to see new functionalities in the Figma app. However, the double tap bug still persist in the prototype view. Every tap is registered as a double tap. When the tap heat map are located at the same place in multiple pages, it skips to the second page. This is a major bug that needs to be fixed ASAP. This bug has been on Figma since 2018.",3,False,Sungbylee,Great update but it still has the same bug,us
11,2022-08-04 15:41:09,"Right now my only comment would be to move or give me the option to move the control bar from the bottom to the right or left vertically. When using the apple pen, I keep accidentally changing tools with the base of my hand. If the option exists, I haven't been able to find it yet.",4,False,kgeer,Loving it so far,us
12,2021-12-13 08:06:16,"I love the app, I just have one concern‚Ä¶ with ltest update when using long press menu opens up, but with that gestures like: ‚Äútouch down‚Äù or ‚Äúwhile pressing‚Äù that were used in figma prototype doesn‚Äôt work because now menu opens up‚Ä¶",5,False,schmeagol6,Latest update,us
13,2022-06-28 00:38:14,"I log into different accounts on Figma, one for work, two for another clients and one for personal use. However on this mobile app, I can‚Äôt switch between profiles. I need to log out and login with a different profile which is a real hassle!

Why can‚Äôt Figma mobile my allow me to switch logging profiles?",3,False,ŒõS|‚Ä¢|,No support for multiple accounts,us
14,2022-09-19 01:45:42,"I‚Äôve never been more upset with an app. Why does my Apple Pencil work perfectly on other apps, but this one is SO BUGGY. Sometimes it will let me drag a shape with the pencil, then it will completely ignore the pencil as if it doesn‚Äôt exist. THEN it will not let me type into the shape or sticky. Even the pen tool doesn‚Äôt work, it just makes a bunch of random marks?!? The most infuriating. Would have been better for this app to not exist than bring my hopes up about working on my iPad.",1,False,Joweezie,Upsetting,us
15,2022-03-19 13:55:42,"When I check out this app in the beginning I didn‚Äôt understand it completely, but investing some time in it and it blows my mind! Powerful and simple, now is the standard place when I start my projects.",5,False,StonePiedra,Best UX ever,us
16,2022-12-16 01:25:07,"I don‚Äôt understand why there is no functionality to edit files in the Figma app. I can open Figma in a web browser on my iPad and make edits there, but that‚Äôs more of a hassle than just being able to use the app. I don‚Äôt view prototypes or use figjam as often, so the app is kind of useless as it is now.",3,False,vlpage,Why can‚Äôt I edit in the app?,us
17,2022-11-07 14:57:05,"For mobile app, it would be useful to change sharing permissions. Use case: I am away from my computer and get an email from a client saying they can‚Äôt view my design. It would be great to be able to add them as a viewer without going to my computer.",3,False,Hilifono,Can‚Äôt change sharing permissions,us
18,2022-10-10 16:46:29,"The iOS experience with this app is about as non-intuitive as any app can be. View a project and there is literally no button or pop up control to exit that view - so it needs to be hard shut down. Try and zoom in on an active project, and the whole view is scrambled during zooming. Hopefully the experience and menu‚Äôing can be improved.",2,False,Wedgelence,Very problematic app,us
19,2022-10-27 13:44:55,"I want to have my mobile designs displaying on my phone so that I can design & see how it looks on a device‚Ä¶ but the app is constantly reloading and switching to the first flow starting point every 30 seconds. If it has to reload, that‚Äôs fine, but at least stay on the flow starting point that I‚Äôve already specified. Great idea but too buggy to use yet.",2,False,chhrys,Unhelpful,us
20,2021-12-15 18:15:40,So convenient to be able to mirror screen on a real device. Loving the new update and looking forward to playing around with it.,5,False,Flowerpwr298,Love the new update!!,us
21,2022-05-08 18:19:15,I love that fig jam has come to iPad it‚Äôs really amazing I think the only glitch is that there needs to be a better pen. It‚Äôs very lowfi when you first write and then it smooth out. Would love to have it as smooth as goodnotes or something else,4,False,Charlie 7586,Just needs better pen,us
22,2022-04-01 15:34:56,"I want to love this app, because I love Figma and the care they usually taken in product development. This app often crashes or gets frozen when I try to mirror my designs. It‚Äôs hard to understand how we still can‚Äôt make mirroring a fast and stable experience.",3,False,Javier45794,Mirroring is slow or broken,us
23,2022-10-13 13:48:35,The main reason people may want to use the app is to quickly invite people to documents away from their computer. Also who actually finds sorting by recent more helpful from a conceptual standpoint then a folder structure. Figma you keep doing all of the wrong things perfectly.,1,False,geoff2711111111,Can‚Äôt share documents/folder structure non-existent and sorts files by ‚Äúrecent‚Äù which is useless,us
24,2022-10-04 22:47:04,"It loses connection, I have to restart the app every few minutes, etc.

But Figma is life so take your 5 stars <3",5,False,ChefBoyardeeeee,"5 stars for Figma the company, but this mirror app is buggy.",us
25,2022-10-14 13:55:44,"Made a lot of really great dynamic components that work on computer but as soon as you load it in the app they no longer work. Worked literally yesterday, including animations and dynamic button states with animations, but doesn't work today. Huge disappointment and now requires us to either demonstrate a mobile app on a laptop or use a third party app to demo",1,False,Xxmixedxtapexx,Latest Update Breaks Dynamic Components,us
26,2021-12-06 20:07:56,Latest update is quite helpful,5,False,Isaac Goldberg,Great to be able to browse on mobile,us
27,2022-11-08 00:21:23,Everything about the experience is great but I feel a slight lag when I‚Äùm in drawing mode that I do not feel using other drawing apps.,4,False,joseph.sc.luk,"Very impressive, but wish pencil experience is smoother",us
28,2021-12-09 19:49:46,"Congratulations to the team on their release! The app looks and works great, highly recommend for designers.",5,False,alexa.devita,Awesome app! Highly recommend,us
29,2022-09-16 22:35:23,"Recently I‚Äôm not able to move around in files or draw with the Apple Pencil. It works once a blue moon. I‚Äôm able to tap on comments, and switch tools but actual panning doesn‚Äôt work.",3,False,Velrethar,Unable to move in files,us
30,2022-06-27 01:32:19,"I like the Figma desktop app but the mobile version is limited. I can‚Äôt edit sharing options (e.g., can edit, can view, etc.) and I also can‚Äôt use the plugins that I have on the desktop app.",3,False,Brandi Hess,Limited Sharing Options and Plugins,us
31,2022-11-04 16:40:46,Mirror mode always locks up and stops refreshing. Especially if you navigate away for any reason and come back. You have to back out of mirror mode and renter it again.,3,False,Peakok,The app works. Kinda. Sometimes.,us
32,2022-08-14 16:25:54,"For the most part, this app does its job with its native diagrams. However, if any diagrams have images (pasted in) as part of them, the app tends to make them invisible when zooming in. Therefore, it becomes pretty unusable unless you are solely dealing with the built in boxes, drawings, etc.",2,False,wdphilli,Images Do Not Work Well,us
33,2022-09-23 14:04:47,"It‚Äôs really an brilliant idea to empower a home cooking going commercial , it promote the authenticity and originality of home cooked meal available now commercial, who so ever designed it bravo üëè‚Ä¶",5,False,rehanrana,Great idea,us
34,2023-01-05 01:34:00,"I was expecting an editor in the device as well as a way to view my projects, however was only able to view them. Wish that was a feature.",3,False,Eldr1tchTech,Good (ig),us
35,2022-12-09 19:23:28,"The fact we can‚Äôt edit on the go even on an iPad which is MADE for working on the go makes this app really useless. I can comment and play prototypes, but if I can‚Äôt even do basic things like replacing images or adding text, what‚Äôs the point of this but clogging up extra storage on my device?",1,False,Mailiflower,Pretty Useless,us
36,2022-03-20 01:43:24,"I love Figma for desktop (Mac) but it needs more improvement for iPad. Figjam not only couldn‚Äôt save my work, but when I went to another screen and came back, all the work I did for the past 40 minutes was gone! Super frustrating.",2,False,Shellie Michelle,Figma and FigJam for IPad needs work,us
37,2022-01-17 19:52:19,"The app is great, but I hate the fact that every time I open the app, it asks me to log in every single time. Just for that I don‚Äôt want to use the app and instead open the website.",3,False,Aeby713,Great app with one problem.,us
38,2022-05-23 14:19:22,"My desktop crashed suddenly so I‚Äôm having to finish some projects on my iPad. So far, this has only added to the stress of my situation. I thought having access to Figma on my other devices would provide continuity (I‚Äôve never had to use Figma on other devices) but clearly not.",1,False,MeganTheWeasle,Confusing on the mobile app,us
39,2022-11-19 14:20:02,"This review is about how Figma works on the ipad Pro. 

I was totally excited to find out that Figma was finally available for the ipad to turn around and notice that it really doesnt do much. :( 

I was hoping that they would make use of the pen technology to include sketching or that they even allowed wireframing. Sadly its more like a presentation tool on the ipad. :(",1,False,Mad User 2020,Figma Ipad Pro,us
40,2022-03-15 00:16:43,"I may be biased, but I love using FigJam on iPad! Plus being able to view files once on the go is pretty handy as well.",5,False,robbye91,FigJam is amazing!,us
41,2021-12-10 12:22:50,Thank you for the update! The usability of the app is night and day from what it was üéâüéâüéâ,5,False,J-H71,Massive Improvement!,us
42,2022-10-17 12:15:43,Seriously after this many years still no iPad app? This company makes hundreds of millions of dollars a year but like many companies has taken the path of having a subpar web browser wrapper as a desktop app and a useless iPad app that doesn‚Äôt allow editing of projects.,1,False,grizzlybeardev,Needs an iPad app,us
43,2022-03-06 01:43:34,"Their previous Mirror app was perfect. No bugs, worked sinoly exactly as intended. Then they changed it to this version and I've just hit roadbump after roadbump. Considering it's an app used by UXers it's developmental roadmap has been hot garbage. I can't believe I can't even log in.",2,False,naerial,Textbook case of what not to do,us
44,2022-01-11 03:00:25,"Great app and all but, it always make me login manually, once I closed the app. And it has started to get annoying now.",4,False,n1nty3,Always needs to login,us
45,2022-09-24 10:13:48,"Maybe it's because I updated my phone recently, but my first and only interaction with this app is that I literally can't login. Correct credentials returns you to the login page again. Maybe you should use your software to prototype something that actually works.",1,False,Ianisme9,Actually Unusable,us
46,2022-03-29 14:21:43,Please make the loading faster to show the art boards. and this will be the best app in the world.,5,False,yellllllllllllllllllllo,Great one!,us
47,2022-04-15 06:28:06,Figma is clearly desktop focused. However if your going to make a mobile/tablet app the least you could do is make it so you can past and move some things around‚Ä¶,2,False,someguy814,Not made for mobile,us
48,2022-08-29 20:03:45,Really enjoying the view of my mobile prototypes on my phone through the figma app üòªüòª,5,False,NathanielKings,P,us
49,2022-09-06 02:16:11,"The on boarding process has way too many slides, the modern user doesn‚Äôt have that much time to learn an app, most of us are in data/design- assume that we know. If customer is not  in data/design‚Ä¶ we should  definitely not have that many to read.",1,False,glasslunch,Onboarding,us
50,2022-04-21 00:19:50,Much improved over the older versions,5,False,APhehe,Yes,us
51,2022-05-28 01:05:30,"Although there are some tools to support element resizing, true responsive and / or breakpoint support just doesn‚Äôt exist. They need to make this top priority as EditorX is going to leave them behind.",3,False,shhshdjiekxdnsm,Breakpoint support is poor,us
52,2022-12-30 02:48:29,"Nor does it work propoerly on the iPad browsers including Safari, chrome, brave and Firefox.

The folio case trackpad zoom is not supported in browser. cmd +  mouse wheel scroll does nothing. This app wont allow you to edit files. Basically YOU CANNOT USE FIGMA TO DESIGN ANYTHING ON IPAD either on the browser or in this app.",1,False,PratyushTewari,Does not support editing,us
53,2022-03-12 13:32:42,"Guys, what did you do? It was fine a few months ago, but now it's pretty much impossible to use.",3,False,nick_perepech,It has almost become unusable,us
54,2023-01-13 17:45:16,great software but has a ways to go. components are very unintuitive to manipulate and control states and variations .  scroll vs fixed layers also causes major slow downs when copying and pasting - poor tool for conceptual design but great for prototyping. uxpin although not as well known has many legs up on figma for particular aspects. figma mobile app also always loads slow and claims files are too big for it.,2,False,Gambitx3x,‚Äúfiles too big for this device‚Äù,us
55,2022-01-08 19:50:51,"We‚Äôve  been waiting so long (like too long) for this kind of update. But it so frustrating. Files opening time increased in like 3 times, I‚Äôm unavailable to open any than the first frame for mirroring and the app itself became really slow and low FPS",1,False,–ø–ª–∏–Ω –¥–ª—è –ø–æ—Å—É–¥—É,Bad update,us
56,2022-04-13 09:07:42,Love the app. Sometimes the screen goes black and stop responding please fix this :),5,False,gijoeaway,Great,us
57,2021-12-16 16:00:39,"Mirror works maybe 50% of the time. It‚Äôs worse after the latest update. Most of the time I have to completely shut down Figma on my mac, and restart the app to get mirror to work.",2,False,Super Randy,Good when it works,us
58,2022-10-25 02:20:55,"It really bums me out that Figma only lets me actually interact with FigJam on my iPad. What i really want is to design from my iPad Pro. Figma if you‚Äôre reading this, please bring the designer to iPadOS. As it stands, this app isn‚Äôt really useful to me.",2,False,joshmwalz,I don‚Äôt want Figjam. I want to design on my iPad!,us
59,2022-07-01 18:24:02,"I like the fact that I can use my iPad but when I use my pencil on this app compared to OneNote, there is way more latency and I‚Äôm not able to use it as cleanly",3,False,Sharataka,Latency,us
60,2022-07-24 15:39:05,Amazing tool!,5,False,Guillete,Cant leave home without it!,us
61,2022-06-17 17:56:19,"This might be useful for managers reviewing designs or selling a completed design to clients, but even the rosiest copy won‚Äôt turn this into a design tool. It would get a 5 star review if it was called ‚ÄúFigma Viewer‚Äù but calling it Figma is flat out wrong. Waste of time.",2,False,andythechef,Misnamed: should be Figma Viewer,us
62,2022-08-01 17:21:41,I want to chill on my phone and put images and use basic figjam functions like notes,3,False,!mooser4000,You cant edit figjam,us
63,2022-10-13 15:52:23,I loved being able to see my prototype on phone. For months now the feature has not worked so the app has become useless to me,1,False,Big Tony B 123,Stopped using when the mirror feature broke,us
64,2022-06-28 20:50:07,Please cross check all linked apps before pushing updates out. Can no longer mirror my designs on my phone which is critical to my workflow. Looking forward to a fix soon!,2,False,FTTSt2006,Lates update broke Figma Mirror,us
65,2022-10-06 20:28:39,"I‚Äôve used a lot of them (Adobe, Axure, Sketch) nothing close to Figma!",5,False,StageRight,Best Application ever,us
66,2023-01-25 01:35:02,"It‚Äôs decent, a way to access the community would be nice",3,False,JacobofSilverTree,Definitely a mobile app,us
67,2022-09-20 21:44:48,In Figjam it allows you to select tools but won‚Äôt let you draw on the stage. Still waiting for a unified tool that allows me to sketch right into a Figma file.,2,False,Dmcguy,Apple Pencil doesn‚Äôt work,us
68,2022-07-02 14:51:53,"I‚Äôm enjoying the app. Easy to learn, design, prototype and share.",5,False,Colombiano0302,I love Figma,us
69,2022-08-17 20:38:56,Very limited functionality. Can‚Äôt use stylist let alone create anything with an iPad Pro. So much potential if Figma team prioritized mobile hardware. Currently only good for reviewing and making notes within Figjamüò≠.,1,False,Dana D 2022,WORTHLESS ON MOBILE / IPAD,us
70,2022-04-05 10:38:59,Great app. Easy to used and creating project. I recommended.,5,False,RyanNguyen9988,Figma,us
71,2022-05-18 18:37:07,Please implement a full-size keyboard in figjam and tabs so I can easily switch between projects.,3,False,veggiesonly,Tabs and Full Keyboard,us
72,2022-07-28 04:34:44,Integrates beautifully with desktop app,5,False,Felimez.gope,Great workflow,us
73,2022-03-17 23:53:50,The error says it all. Unusable. File size is tiny. Maybe 40 elements. Small.,2,False,writer753,File too big for this device,us
74,2022-10-25 03:26:26,That‚Äôs what all iPad users need !,4,False,Bradly95,Edit design files?,us
75,2022-05-26 16:38:04,App is crashing a lot and the previews often just show a blank screen.,2,False,Robustar1,New User,us
76,2022-04-01 19:50:52,"Whole reason I downloaded the app, to review comments on the go, and they don‚Äôt load. üòê",2,False,HighWindows,No Comments in FigJam,us
77,2022-11-07 05:11:30,"I am not able to get the content to load, hard to see comments",1,False,Nineemuggins,Content not populating,us
78,2022-08-07 11:03:48,Not sure what‚Äôs the point of the iPad app. It‚Äôs also very confusing. I can‚Äôt edit Figma files - only view them?,1,False,graphikeye,Can‚Äôt really do anything with this app,us
79,2022-05-09 21:54:26,"The app doesn‚Äôt work 
I have to log on through your site‚Ä¶like how does that make sense!!!!!!!!
It‚Äôs just showing drafts 
Nothing can be edited",1,False,just rayo,The app,us
80,2022-08-25 20:01:30,Super easy to use! I love it!,5,False,ypyolso17385,So amazing!,us
81,2022-10-26 00:52:35,Recently installed an update for this app. Now crashes when trying to run simple prototype.,1,False,tutto fashad,Crashes,us
82,2022-11-10 05:53:21,Images can‚Äôt load properly‚Ä¶plz fix this‚Ä¶,1,False,shawon Kaku,Image Loading Problem,us
83,2022-05-18 11:55:17,I really like this tool,5,False,KeithKarr,Diggin Figma,us
84,2022-10-24 23:48:49,Confusing how to move files across teams!,1,False,ghostantaniyeh,Moving files,us
85,2022-02-24 23:15:17,Extremely glitchy - I have a phone recording if you‚Äôd like to see what was happening,1,False,Abi Olmstead,Glitchy,us
86,2022-06-10 12:55:04,This app is really terrible on mobile iOS 13pro. It freezes frequently. Developers take note.,1,False,nash gadre,Garbage,us
87,2022-07-17 20:30:19,Poorly optimized for mobile,1,False,james ellis stark,Poorly optimized for mobile,us
88,2022-05-17 16:49:05,Best app for prototyping,5,False,sourov007,Best,us
89,2022-04-28 04:00:40,Doesn‚Äôt load.,1,False,Juanchiisafk,Gets stuck on the logo splash page.,us
90,2022-11-08 18:19:13,"Yeah yeah, I prob need a newer machine, but it still should not be laggyü§î",2,False,Guandoge,Slow for iPad Pro gen 1,us
91,2022-07-08 17:30:28,This app is a nice viewing tool but you can‚Äôt actually do any work with it.,1,False,Max-timbal,Just a viewer,us
92,2022-05-20 17:23:55,"- Can‚Äôt comment/annotate on M1 iPad Pro 
- once I hit the preview/play, can‚Äôt exit from it - have to kill app
- from preview/play, can‚Äôt display menu with cmd+\, even if I enter the combo twice as instructed.
- can‚Äôt open menu with cmd+\ from regular page view

Unusable",1,False,Salehdidit,Awful Awful App,us
93,2022-10-05 13:49:13,Yep,2,False,a123d5no name available,App crashes a lot with large files,us
94,2022-11-30 06:19:52,"I love the desktop version, it‚Äôs an amazing software‚Ä¶.but mobile? TERRIBLE! It‚Äôs sooo buggy it‚Äôs ridiculous üö©üö©",1,False,Jayyüëå,WEB vs MOBILE,us
95,2022-10-29 23:17:07,It dose not work on I phone. It keeps crashing,1,False,Knifette,App crashes on I phone,us
96,2022-08-11 10:11:39,Dont work properly,2,False,RezoTinder,Dont work,us
97,2022-06-11 01:26:40,Love it on Desktop. On desktop it seems like its just a Viewer. Not an editor.,1,False,MoFeliz,iPad Experience,us
98,2022-10-22 22:59:19,i love figma unfortunately the ios version is now where near as capable as online.,1,False,claflinw,mobile app now where near the desktop,us
99,2022-04-23 21:56:41,Useless Garbage.,1,False,T I A G O,Don‚Äôt waste your time.,us
100,2022-07-09 13:30:52,Best app for designing prototypes,5,False,fjidbwksojdbekeod,UX designer,us
101,2020-03-02 22:30:27,"I‚Äôve used a lot of these types of apps over the years. One issue they all seem to have is connecting quickly and staying connected; Sketch mirror is particularly bad in this regard. 

Somehow, Figma mirror doesn‚Äôt seem to have this problem. It connects effortlessly, stays connected without hiccups, and reflects updates in near-real time. I haven‚Äôt tried to use it with any prototypes, so I can‚Äôt comment on that part. 

My only complaint is that for some reason, the developers decided to make ‚Äútap‚Äù actions move from artboard to artboard, rather than swipes. It‚Äôs super accident prone and infuriating, and I accidentally invoke it constantly while simply scrolling.",5,False,jeffreynolds,Connects better than most,us
102,2022-03-08 22:31:03,Figma mirror is by far the worst part of figma. Terrible.,3,False,Bbg123,Figma mirror stinks,us
103,2022-03-15 14:10:25,please add sign in with apple support,2,False,punkkoala,no sign in with apple?,us
104,2021-11-24 06:42:35,"Works well, once you figure out how to use it. Agree with other comments that I expected to be able to open and list Figma files to then browse here, without my laptop nearby.",5,False,ajdunn83,Helpful to view on device,us
105,2021-04-22 15:05:31,"I‚Äôm now going on a week of the app just not connecting, for some unknown reason. It‚Äôs on the same WiFi as my laptop, and was working great last week. One day it just stopped working. This has happened several times before. One day it will magically work again; no issues. I‚Äôve tried restarting both my phone and laptop, turning off WiFi on both - nothing. I really want to love this app but it‚Äôs just too unreliable. Half of the time I have to figure out other ways to preview my work... and that kind of defeats the purpose of having this.",3,False,smitann66,"I want to love this app, but it‚Äôs so unreliable",us
106,2021-03-09 12:01:28,"This app does what it‚Äôs supposed to. If I have the desktop app open and I select a frame, it shows up on the mobile app. I guess this is useful for viewing sizes of elements in real time. ü§∑üèª‚Äç‚ôÄÔ∏è

But for a robust web-based platform that supports prototyping and collaboration, I don‚Äôt understand why the app doesn‚Äôt provide access to Figma files and prototypes without having the file open on a desktop. It would be useful if users, stakeholders, managers, etc could use the app to view screens and prototype via a share link. But that‚Äôs not possible.",2,False,iehixon,"Does what it‚Äôs supposed to, but it‚Äôs pretty useless",us
107,2021-11-16 14:28:32,"This is the one area where Adobe XD far surpasses Figma. The Mirror app fails to render frames and freezes constantly. It also is a disappointment that you have to be connected to the same wifi network for it to work, which isn‚Äôt always possible in work environments. How about being able to connect via USB? In XD‚Äôs mirror app, you can still access all your prototypes under your account without having to be connected. What‚Äôs the point of logging into the Figma Mirror app if you can‚Äôt access all your projects?

Figma needs to spend some time on this.",1,False,.:ravenwood:.,Figma is the best prototyping tool. The Mirror app is a disappointment.,us
108,2020-07-31 22:25:55,"The app works so much better than viewing prototypes in a mobile browser, but it‚Äôs unfortunately not usable for remote user testing because you need to drive it from Figma on a desktop.

If it could open public prototype links, it would be much better for remote user testing native app designs, which look awful in Safari.

Two stars because it‚Äôs also quite buggy and often loses track of what you‚Äôre trying to look at, requiring a force quit/restart, but at least it‚Äôs not worse than Sketch Mirror.",2,False,Abcbcd,Would be great if it could open links,us
109,2020-04-13 01:03:04,"For you noobs out there, log in to your account on a computer and log in to your app. On your computer, open up a project. If you haven‚Äôt started one yet, click on ‚ÄúBack to Files‚Äù and you should see three Figma drafts already in your folder. Open one of those projects. 

Once opened, look to the left column. You will see a list of words with a # sign next to it. Those are the frames. Click on one and wait 2-3 seconds, sometimes longer because there is a lot of lag. The app will display the frame on your mobile device.",2,False,thenotoriousong,How to Make it Work,us
110,2020-12-24 02:39:18,"I think the app works relatively fine. 

What really bugs me is that I can‚Äôt use it as a proper prototype app while designing. Because when I need to make a change in something, I change the frame from the design screen to something else. Say, I go to the frame with all my components.

But then this components frame appears in the app! I don‚Äôt need that. I‚Äôd like the prototype to stay there always, so they could be disconnected from what I‚Äôm pointing at on my computer vs what‚Äôs opened in the app.",3,False,Igor Lanko,"Alright, but prototype only mode would be nice",us
111,2021-06-22 21:43:22,"Overall it‚Äôs a disappointing app relative to the high quality of the Figma platform itself. At various random points throughout a prototype, it will crash and go to the default ‚ÄúSelect a frame‚Ä¶‚Äù screen or just freeze on a black screen entirely. Given that the platform is web hosted as is, I would hope that the Figma team is focused on making this a more robust app that, firstly, doesn‚Äôt have to rely on the desktop at all and, secondly, doesn‚Äôt bug out unpredictably.",2,False,vxm5091,Very unstable,us
112,2019-05-03 21:58:09,"I have no idea why others are having a bad experience but I‚Äôm guessing that they don‚Äôt read instructions. It‚Äôs very simple to use and  responsive. I‚Äôll occasionally select a hot spot and the transition lags for a second or two before responding. I‚Äôd give it 5 stars otherwise but I‚Äôm really splitting hairs here.

I‚Äôve never experienced a crash and trust it enough to use during prototype demos at work.

If you lack the skills or the wherewithal to read instructions:

1. Sign in to your app in both your mobile device and desktop with the same sign in credentials.
2. Select the first frame in your prototype on your desktop.
3. The prototype syncs to your mobile device in seconds.",4,False,Tonebot,"Works great, occasionally slow",us
113,2020-11-16 23:47:57,"I used this to run the prototype feature here and see what it‚Äôs like with my phone. 

only negative is that it‚Äôs very bad with directions at first. Overall great.

The reason it didn‚Äôt get 5 stars is because I would like to share this with someone. But instead the only way to do it. Will have to be to make another account and then have the person log into the account and see it that way. Very inconvenient.",3,False,The_osc,This was good for me.,us
114,2020-05-22 17:03:52,"After logging in via SSO I get to a screen warning me about cellular data with exactly one option: Log out. 

Super useful. I get to just log in and log out all day. 

This log out functionality was really well executed though. The button is a pretty blue color and when you press on it it logs you out. So 100% of the accessible functionality of the app works well.  I was however hoping to maybe, ya know, actually look at and possibly even edit a figma diagram.  I guess I set my expectations too high. I‚Äôm so spoiled.",1,False,JayEskandarian,Awesome. My only option is to log out. Great app.,us
115,2021-03-04 17:06:35,"üò§ You can‚Äôt save prototypes to your device, so you have to be connected the internet at all times.

üòî  If you navigate away from the app, Figma will ‚Äòforget‚Äô the screen you were just on and make you start over by selecting the screen on the desktop app. This means you can‚Äôt step away from your computer and test a prototype at any time. 

I love the Figma desktop app and hope they plan on making this one just as awesome soon. Until then, I‚Äôd recommend using Marvel or InVision.",1,False,A trusted patron,I really wanted to like this,us
116,2019-12-11 05:41:04,"FIGMA is great tool. We all know it have and it will have a lot to offer. The app may be not the best ( i havent encountered any issue , but i guess others do ) ... but I do believe at one point developers will focus on the mobile app and make it totally worth it ( im sure I will be even able to design on my phone ) 
Keep up the good job ;) <3",5,False,paulieant,FIGMA IS THE BOSS,us
117,2021-01-08 17:46:33,"I design for iPhone 8 ratio, but preview on my iPhone X. Unfortunately there is no option to scale to fit, and the app doesn‚Äôt handle the different aspect ratios properly, instead showing my image oversized with scrolling. It‚Äôs impossible to judge element sizing. 

I‚Äôm left to I save my images to Google drive and view through that iPhone app. 

Would love to use this, if they would ever add a little more functionality. This is a pretty basic use case.",2,False,Travisschau,"Connects easily, but useless",us
118,2020-12-09 17:26:53,"This is the kind of app that can either be really useful or really frustrating. XD has an excellent mirror app that works pretty well. I love Figma, but this app needs attention. As a mobile designer, it‚Äôs super helpful to be able to design real time on the phone, almost as if it‚Äôs my primary screen. This doesn‚Äôt stay connected enough to do it.

- frequent disconnections or black screens 
- stop jumping around to different frames! Please let me at least lock the view
- destroys my battery. Gets so hot my screen dims
- let us use usb for a more stable connection! Wireless is nice but I need reliability

Hope you all are able to prioritize this app soon. A good mirror app really lets you design in context. Every designer should be using one. Sadly I can‚Äôt recommend this one yet üòî but looking forward to when I can!",1,False,garethtj,"Disconnects, buggy",us
119,2019-12-02 20:28:45,I sign in with my google info. After that a screen is prompted telling me to select info on the canvas. But my only option is to press the logout button. I‚Äôve tried pressing everywhere else on the screen and nothing happens. I‚Äôve only seen this screen and the login screen. Not user friendly at all. My advisor recommended this app for me to create hi-fi prototype and I can‚Äôt even begin. My project is due now and I have not accomplished anything for it. So frustrated and disappointed.,1,False,violetshy333,Frustrating!!!,us
120,2020-08-14 19:34:39,"We launched a new local shopping app, lokii, and I‚Äôve used Figma for every single step of the design. I probably use this app once a day to test the proportions and look at layouts on my phone. Thank you for making all my design dreams come true!",5,False,MaryC848,Can‚Äôt live without it,us
121,2020-08-05 01:01:44,"The app is amazing and much better than anything you‚Äôll find anywhere else. No it‚Äôs not perfect but it Live Edits and shows results and prototypes perfectly.

10/10",5,False,qwertyuippsjh,Don‚Äôt believe the negative reviews,us
122,2019-01-25 19:39:34,"You simply need to select a canvas on your desktop and it appears instantly in the app. 

It seems that 90% of the negative reviews are based on two things: 

1. It doesn‚Äôt have prototyping yet
2. You can‚Äôt select the canvas from your mobile device. Read, people. 

Given how long we‚Äôve been designing with clunky mobile viewers or static image exports, this is great. For example, I can see pixel nudges almost instantly, and the app respects the ‚Äúfixed‚Äù vs. ‚Äúscroll‚Äù states. 

Prototype enabling would be awesome.",5,False,dejaclarity,Does what it says,us
123,2017-01-17 15:04:29,"Its the perfect companion app for Figma, previews work great and I love how easy it is to select the frames we would like to preview.
Biggest + for this app is that you can preview what your colleagues are working on too because it is not limited to local networks",5,False,Rami Debab,Perfect,us
124,2020-03-26 09:15:41,"iPhone 11 Pro Max, and up to date Mac...same Wifi. Nothing. Never got to see it work. The last update was 10 months ago...and it shows. But, I LOVE Figma. I just hope they can get this app working. It would probably be best if the default connection for the mirror is to a presentation view in the cloud...with a fallback to LAN if available or as an option.  That way it always just works...",2,False,zeroverse,Didn‚Äôt work for me,us
125,2020-05-15 06:42:34,"After deleting and redownloading as well as restarting my phone, the closest I‚Äôve gotten is a page that looked incredibly broken for me to log into once out of dozens of attempts to open the app. Either there a loading screen that I get impatient and close out of after three minutes or it crashes immediately. Disappointing because I thought this app looked super useful.",1,False,ande23,I could give a better review if the app actually opened,us
126,2018-09-18 14:42:03,"Has never worked for me. I keep crossing my fingers and hoping they‚Äôll go update it, but it seems they dropped it. It‚Äôd be really nice to be able to check your designs on your mobile device like you can on all the other design tools.",4,False,Fightamin,Has never worked,us
127,2021-04-20 20:16:15,"For a platform as mature and widely used as Figma I expected a much higher level of usefulness than it offers. First time user having almost switched from sketch & InVision, though this is giving me second thoughts. 

How do you share a mobile MVP with a client with Mirror? You don‚Äôt right now...

Last update 9 months ago? Cmon.",2,False,Crashing party,Pretty weak when compared to the competitors,us
128,2021-07-01 04:36:03,"My first time using the app, it‚Äôs amazing. I‚Äôm not sure why so many people are experience issues with the app. Might be I have an apple computer with apple phone",5,False,Kongni0101,So far so good,us
129,2018-04-28 18:57:00,"I want to give this app 5 stars because the idea is great. I should also mention it is working for me on my iPhone 6S Plus. One report mentioned it doesn‚Äôt work on the iPhone X.

It still needs a whole bunch to be used in a production environment. And I‚Äôm excited to see how the developers give us next.",3,False,DanTheColoradan,Keep the updates coming!,us
130,2021-10-04 09:31:42,One problem with this app is that I can't switch between my accounts. I must log out...!,5,False,mahdicarimi,Account,us
131,2017-09-20 14:50:19,"It would be great to be able to interact with prototypes on-device. Additionally, auto scaling would be great as I personally have an iPhone 7 Plus but there are projects where I‚Äôm mirroring the iPhone 7 (non-plus). Also a little laggy at times in detecting the selection of frames. Looking forward to a new release that addresses all these issues.",2,False,K Dhiman,Prototypes missing,us
132,2018-11-25 22:11:44,"I love Figma and I was really excited for the mobile app but soon after I downloaded the app I was no longer able to use it, as soon as I log in it takes me to a screen asking me to select a frame or component. However it‚Äôs non responsive once I try to select anything.
.",3,False,irubiel moreno,Non responsive,us
133,2020-02-06 20:21:44,"I use this app pretty much everyday and consistently run in app freezes which require me to close out of the app and open it up again. 

When it does work it‚Äôs ok. Overall feels lacking in features.

This all seems like a huge oversight from Figma considering how important the mobile experience has become in the world of UX.",2,False,tazernow,Disappointing,us
134,2020-05-10 11:14:45,It does not do much. But it works fine in what it attempts to do. Really useful to have on the iPad beside your main computer while designing.,5,False,JonGretarB,It does what it claims to do,us
135,2018-08-06 16:11:10,"Figma Mirror is not a stand-alone application. It‚Äôs simply intended as a presentation device You have to have Figma open on your desktop to select a canvas. 

Once you do that (assuming you are signed in to the same account on both devices), the selected canvas will appear on the device running Figma Mirror (it‚Äôs in the name).

I just d/led the app on my iPhone X and it worked perfectly. 

It would be nice to have a canvas selector in the app, but it does as advertised.",4,False,W. S. Pickle,Not a standalone app,us
136,2021-02-23 22:04:59,"Figma mirror has always worked so well, but an entire year now, I haven‚Äôt been able to get it to work. I‚Äôve tried logging out and back in on both devices and have checked internet connections and nothing seems to work.  Completely broken and unusable.",1,False,jackson.lloyd,Stopped working,us
137,2019-05-02 04:57:05,"This does not give the option to fit or fill the device screen. Unfortunately, this breaks the experience and makes other solutions like Marvel more compelling. 

Otherwise, the app is decent.",3,False,Pixel Sage,Doesn‚Äôt scale the way I want,us
138,2021-08-06 16:59:20,"So hard to go trough a whole prototype with this app ‚Ä¶ it just stops working. So frustrating. Please fix this bug issues, this app is part of the experience when creating with figma. Pay attention. Be better.",2,False,marianacury,So buggy,us
139,2021-03-16 23:09:02,"I have the latest version of the desktop and mobile app, and none of the frames appear from desktop. You have to be in the browser",2,False,Soybones,Only works with the web app,us
140,2020-06-28 16:58:13,I really love figma. There is not reason to rate it for 3 stars. I would rate 5 stars because I it provide what I need. Need more work tho,5,False,Ahaghahajajajajgagsg lamka,Needs more work,us
141,2021-07-10 01:48:50,Instant mirror prototypes from laptop. What not to love? Does exactly what it‚Äôs supposed to do.,5,False,Emmamahu,What not to love?,us
142,2020-06-17 09:01:19,"Mirror the current frame of the current figma document my account has open, that‚Äôs all I want you to do.

But if I look away from either the mirror or Figma app for ten minutes? Lol, no more reflection.

If I switch between too many frames in a short span of time? Lol, no more reflection.

Working on something involving images, translucency, and blurred layers at the same time could be genuinely considered abuse towards epileptic designers. 

250mbps bare minimum internet, $5k combined workstation, like 8 $1k+ test devices, and a terribly written app to wrap it all together. Bravo my company‚Äôs taste in tooling, bravo.",1,False,revisedadviser,A simple idea that‚Äôs been totally fumbled.,us
143,2020-12-01 16:52:52,Love Figma but this app needs some TLC. Nearly every time I go to another app then return to this one the screen just goes black and I have to reopen the app. So frustrating.,4,False,FrequentAppUserOFtheworld,Love Figma but wow App Crashes a lot,us
144,2020-08-07 16:46:03,"I find it hard to write this sentence because it‚Äôs actually true... there is literally only one feature on this app and it is to log out.

Yes‚Äìlog out. That‚Äôs it. No, nothing else, just log out. Seriously. 

On a brighter note, the logout feature does work. So, there‚Äôs that.",1,False,Miekeru,Log out is literally the only feature,us
145,2021-10-12 15:23:55,"We use this iPad for testing at our office with multiple designers who use it. The log out functionality no longer works, so we can‚Äôt switch to a new account for testing different projects",1,False,Ventive,Can‚Äôt log out to switch user,us
146,2020-10-22 21:15:05,"I love Figma and until recently the app has been working fine. I‚Äôm not sure whether it‚Äôs on Apple‚Äôs end or Figma‚Äôs, but when prototyping the screen on my phone flickers a crazy amount.",3,False,ricecake456,Glitchy on iOS 14,us
147,2019-10-01 03:09:34,"Telling that the last release of this was 4 months ago, despite numerous fixable issues. If it‚Äôs not going to be a priority at all, you shouldn‚Äôt have released it. Unfortunate since the desktop and browser tools are so excellent.",2,False,JamesKN90,Support,us
148,2021-10-15 17:17:06,Used to do what it needed to. Now I just get a spinner then a black screen. Can‚Äôt see prototypes or show the menu to log out/reset.,3,False,soundcloud.com/milogreen/,Stopped working,us
149,2021-09-03 15:34:32,"Apparently, unless you are sitting at a desktop it doesn‚Äôt work. No clue why you would want that function. I need this to work when I am away from my desktop.",1,False,Nayk idboys,"Can‚Äôt use on mobile, total waste",us
150,2021-07-22 15:07:42,I love it but please add account switching. Logging out doesn‚Äôt work - so I continuously have to delete and reinstall the app,3,False,Steve 11211,Can‚Äôt log out on iPad,us
151,2021-04-08 16:40:33,"The app connected for the first few times and that‚Äôs it. Just black screen now. I tried to restart my phone and laptop, log in/log out, delete the app. But I can‚Äôt get it to work :(",1,False,Mar-feja,The app does not see the frame,us
152,2021-01-27 21:31:41,"The finicky aspect of this app makes it very frustrating to use - sometimes mirror would stop working and not update, sometimes it would crash continuously. Unfortunately, my team needs to use this",1,False,David N Huang,Reliability is incredibly lacking,us
153,2020-09-28 04:00:03,"The app is super laggy, sometimes I can‚Äôt even login. 9 times out of 10 you need to restart Mirror to see your updates show up. The phone heats up like there‚Äôs no tomorrow‚Äîoverall just a miserable experience for what seems to be world‚Äôs most promising design tool.",1,False,SashaAgapov,Overheats my phone,us
154,2021-03-24 11:08:43,"A company that helps people design apps creates possibly the most dysfunctional app imaginable. I can‚Äôt get mine to work at all, and it seems like even if it worked, it wouldn‚Äôt do nearly as much as I would want it to.",1,False,amitchy,Really?,us
155,2021-11-12 22:08:51,Sometimes it sync sometimes it‚Äôs not‚Ä¶It very frustrating and all I need is a reliable prototype tool.,2,False,YP Chuang,Unreliable wifi connection,us
156,2021-08-15 15:50:58,Great for making more accurate changes to apps for iPhones and androids!,4,False,MCKidlet,I love it!,us
157,2018-01-16 22:21:32,"Wrote in support ticket a while ago and still see no progress. Almost want to give up and redo things in Sketch. So if you guys heard the complaints, please fix this tool.",2,False,Fanafanny,"Very laggy, almost not usable",us
158,2021-04-24 00:24:41,This app is literally a screen that says to log out. There‚Äôs nothing. It‚Äôs unbelievable how bad this is for a tech company. Whoever created this should be executed.,1,False,bees-churger,The App Store needs to offer 0 star ratings because of this app,us
159,2018-07-20 11:16:27,"Nothing appears on screen except a few words about how you can use the app without a specified WiFi. Interesting how the sign out button works well, but nothing else. The User Experience is not good.",1,False,D-UX,Blank Black Screen Once Signed In,us
160,2020-08-10 13:28:29,"Don‚Äôt listen to the negativity, this is an elegant piece of software.",5,False,mattm127,Intuitive,us
161,2021-06-15 14:57:36,"Don‚Äôt really know what else to say, except I hope I can convince my company to get off this buggy, amateur, time-wasting junk app. If I could ever just have this thing work on a daily basis, I‚Äôd die of shock.",1,False,LoganRobbinsLA,How embarrassing,us
162,2019-10-22 04:22:00,"It doesn‚Äôt fit the frame to your phone.

So if your phone is 18:9 but the frame is designed at 16:9, parts of the content will be simply cut off at the bottom. FIT the content, don‚Äôt FILL.",2,False,babydubs,Ruined by simple flaw,us
163,2020-07-02 23:48:43,"Literally have to force quit the app several dozen times a day. It never works lol. Currently able to load a screen, but have to kill the app each time I make a change to see it adjust",1,False,tkll1bryc,So buggy,us
164,2021-06-04 02:15:17,Why does it require that I have a desktop window open to view the file on the app? Why not just let me load my files/canvas directly in the app?,1,False,OG Amer,Confusing UX decisions,us
165,2021-11-23 10:40:47,It doesn‚Äôt even open. After signing in a pop up to sign out shows up. Nothing else I am able to do but sign out.,1,False,Gimmie Nickname,Is my phone too old?,us
166,2019-11-21 23:27:31,"Works fine, but is missing some key features: render at 1x instead of stretching to fill screen, disable hotspots for usability testing.",2,False,corbinmuraro,Lacking features,us
167,2020-08-30 20:04:04,"Crashes all the time. Every time I use it, it inevitably crashes, without fail. Incredibly frustrating.

Please enable syncing via cable, as Sketch offers. It seems to be more reliable",1,False,thuan.n,Too buggy,us
168,2016-11-28 02:32:42,hope auto scale in different device,5,False,ao.leo2016,different screen support,us
169,2021-10-14 05:13:48,"It works and then it doesn‚Äôt, it freezes a lot. I rest love the concept and it‚Äôs extremely useful when it does work.",1,False,kbumblet88,Very buggy,us
170,2021-03-06 05:57:13,Please fix it üò¢. Our design process is compromised without it.,3,False,Lkg288,Please,us
171,2019-01-09 20:55:21,I have an iPhone XS Max and this app doesn‚Äôt support it so it makes it impossible to preview things correctly.,2,False,WhtR88t,Doesn‚Äôt Support my Device,us
172,2020-06-24 08:01:38,Don‚Äôt know why it just won‚Äôt login. It log me in to webpage and when I try to return to my app it never log me in,2,False,kc10711,Can‚Äôt log in with smal,us
173,2021-09-26 20:07:39,"As soon as I logged in using my Google account, I received a notification from my phone that my passwords were compromised! DONT DOWNLOAD!!!",1,False,Kelsbum,Stole my passwords! This might be a hacker app,us
174,2021-01-07 18:49:12,I‚Äôm using an iPhone X. Never had any issues and now it‚Äôs just a small window instead of the full screen.,1,False,gfddygvhkgvkjhvyi,Why is it not the full screen?!!!!!,us
175,2020-09-23 13:13:44,"Can‚Äôt even login, the captcha won‚Äôt load properly in the app. What a lazy implementation, ‚Äúlet‚Äôs just do a web view for everything and go to lunch‚Äù.",1,False,Voltaire2020,Poorly made,us
176,2019-12-01 20:44:46,"I downloaded the app, logged in to my account, and then it just prompts me to logout. No other options are available. Lol well alrighty then... y‚Äôall are weird.",1,False,michaelstevens803,Pointless,us
177,2021-09-28 15:57:57,App doesn‚Äôt work. My designer at work uses this on desktop so was excited to see an App.,1,False,Kitstanwood,Doesn‚Äôt work,us
178,2021-09-18 02:33:00,App ever. What does it even do? You can‚Äôt connect nor log out of the app.,1,False,loincom,Quite possibly the stupidest‚Ä¶,us
179,2020-04-14 20:12:12,"Logged out, deleted the app, restarted phone etc. what else do I have to do to be able to mirror a design on my phone?",1,False,bye bye Sketch,Come on Figma,us
180,2017-01-20 02:26:15,Figma is the perfect tool for design. Vector networks üòç,5,False,KushSingh,Love it,us
181,2017-11-11 15:36:10,"Very useful tool for quick visual tests, replaces the need to export and view screenshots.

Badly needs an iPhone X update!",3,False,Simon Corry,Great For Visual Tests,us
182,2019-07-10 00:23:18,give an option to connect using lighting cable!!! ive switched to invision studio for Prototyping! Yes can you believe it?,1,False,tahsin647787356,i dont use the mirror app anymore,us
183,2019-03-20 18:31:29,"Image is pixelated. 

Preserve scroll position doesn‚Äôt work. 

Design is not displayed at its original size. Always scaled to full screen.",1,False,fockthis game,Terrible,us
184,2018-07-09 15:04:38,Even basic sign in doesn‚Äôt work.!!,1,False,Frustrateduser11,Even basic sign on doesn‚Äôt work,us
185,2021-03-06 21:05:53,"Buggy , crashes. This is where XD has Figma beat.",1,False,dplatt,Buggy and crashes,us
186,2020-12-25 21:48:07,I sign into my account but then does not displays any of my frames...,1,False,emz151,Does not work,us
187,2020-12-14 01:58:05,"The entire screen flashes rapidly on and off when I mirror frames, rendering it unusable. This hurt my eyes and could be dangerous for epileptics.",1,False,bonus3,Strange flashing bug,us
188,2022-05-11 04:08:23,€å⁄©€å ÿßÿ≤ ÿ±ÿßÿØÿ≥ÿ™ÿ™ÿ±€åŸÜ ŸÜÿ±ŸÖ ÿßŸÅÿ≤ÿßÿ±Ÿáÿß€å€å ⁄©Ÿá ÿ®ÿßŸáÿßÿ¥ ⁄©ÿßÿ± ⁄©ÿ±ÿØŸÖ,5,False,amirhmokh,ÿÆ€åŸÑ€å ÿÆŸàÿ®Ÿá,us
189,2020-12-23 08:59:22,"While previewing a prototype it crushes too much frequently and being UI/UX designing tool, figma mirror app lacks UX. It‚Äôs really funny ü§£ü§£ü§£",1,False,mdraselparvez,Frequently Crush,us
190,2020-03-30 18:04:45,"The app does not work, it only allows me to log out.",1,False,jkl-23,The app does not work,us
191,2020-09-24 19:28:46,Needs work lol,1,False,jkhgfdsghjghfds,Captcha doesn't display so cant get past login,us
192,2020-10-18 00:39:58,"Somehow drains my battery and heats up my phone worse than my 3d fluid simulations.

Also a bug where sometimes elements get stuck.

(iPhone 11 pro iOS 14)

Fix please! <3",1,False,nocpls,Performance issues,us
193,2018-04-18 20:08:52,"I want to be able to use figma, but I can't mirror iPhone X screens",1,False,ericeisher,unusable with iPhoneX,us
194,2019-12-16 17:22:59,Figma Mirror.,2,False,robstorres,What‚Äôs worse than Sketch Mirror?,us
195,2022-11-09 20:10:13,Very vas,1,False,Paulofabrigyp,Very bad app,us
196,2022-07-07 06:11:13,"ÈáçÂ§ßBUGÔºåÈ¢ÑËßàÈïøÂõæÊó†Ê≥ïÊªöÂä®
Âè¶Â§ñÔºåÈ¢ÑËßàÁöÑÊó∂ÂÄôÂä†‰∏äÁøªÈ°µÁöÑÂäüËÉΩÂêßÔºåËøôÊ†∑ËÉΩÊñπ‰æøÂæàÂ§ö",3,False,Max_Zof,È¢ÑËßàÈïøÂõæÊó†Ê≥ïÊªöÂä®,us
197,2022-03-28 06:30:23,Nice,5,False,jabsbsiizjznsbbs,Nice,us
198,2023-01-25 04:03:39,I really wanna give this app five stars but It‚Äôs so hard to find a tutorial on google or youtube on how to export the text animations (OR ANY ANIMATIONS) i made into my camera roll or into a mp4 video. is there anyway y‚Äôall can update this an make it a choice? i don‚Äôt want it on just on figma. please,3,False,Co co mic loco loco,why can‚Äôt i export my text animations or really any animations to my phone or computer?,us
199,2022-11-07 02:37:01,"You‚Äôre google login is broken. It makes you re-authenticate over and over. Type my email, then password, then open up the gmail app and tap ‚Äúyes, it‚Äôs me‚Äù then tap a security code, then it continually makes you do it. If Figma can‚Äôt integrate to a basic Google API, I have no faith in them to have a good engineering shop.",1,False,Crumb head,Google login broken,us
200,2022-08-17 22:05:01,"Cannot log into the app. When I press on the input field to type in username and password, keyboard does not show up.",1,False,iuuyrr,Cannot log in,us
201,2022-11-08 18:41:06,While I‚Äôm drawing occasionally I‚Äôll tap a tool in the bar on the bottom. We need a way to collapse it so it‚Äôs out of the way!,5,False,wolfman@1,Just need a feature where I can hide the tools,ca
202,2022-09-11 22:15:53,"Way too much personal data collected, this is scary as the content I‚Äôm working on is confidential!! I‚Äôve uninstalled the app.",1,False,jm.Fireworks,‚ö†Ô∏èPrivacy warning!!,ca
203,2022-06-28 19:34:23,"All of the sudden this afternoon, the mirror functionality stopped working. I tried rebooting my Mac, deleting and reinstalling the Figma app on iPhone and still unable to use the mirror functionality.",1,False,Sundancer227,Mirror not working,ca
204,2023-01-22 02:21:58,Only can view work and not build from mobile.,2,False,AlishaGXLD,Just a viewer,ca
205,2023-01-06 15:37:11,How in the world does THIS get 4.5 stars? There is literally no use for this lazy sloppy app,1,False,valerierelav,The most useless app,ca
206,2022-10-11 02:09:10,Amazing experience on iPad Pro,5,False,Lukas1654,Smooth,ca
207,2022-08-24 14:41:38,You are doing great!,5,False,TALIBLIRASHAD,Please add a functionality to read notes/comments,ca
208,2022-09-27 00:14:01,The app is really only for reviewing files.,2,False,pandemicide2,Read Only,ca
209,2022-09-09 23:11:57,"Figma is great, but the reason I rated this 1 star is that Figma is meant for desktops or laptops. If you want to download this, download it on one of those, not mobile.",1,False,TheEternalFlame,Don‚Äôt get this on mobile,ca
210,2022-09-05 01:30:05,I would like to try my prototype in landscape mode and I need to drag to navigate. That‚Äôs a shame we cant.,2,False,Orbb51,Can‚Äôt drag landscape mode,ca
211,2022-08-12 16:18:34,It‚Äôs good,5,False,isjrhfht,it‚Äôs good,ca
212,2022-03-25 23:02:44,"- Scribble is buggy
- missing file management
- would like to see on screen option control shift keys",5,False,alienslicimsoiebeo,Almost perfect,ca
213,2022-07-13 14:11:12,Why can‚Äôt I do anything in this app‚Ä¶viewing is basically useless.,1,False,notcredibleyet,Useless app,ca
214,2022-06-07 16:51:52,"Doesn‚Äôt even open anymore just stuck on loading screen. Tried deleting it, rebooting iPhone, and installing it again. Nothing. Can‚Äôt work without it",1,False,Rich39183,Stopped working,ca
215,2022-05-23 20:33:22,"Since there is no way to start a jam from a template on iPad, you need to add templates through the toolbar inside a new view. However if you try this, it soft-locks the application. (Noticed with network map diagram)",1,False,Otoris,App crashes on adding templates,ca
216,2022-05-04 11:40:01,"Open a prototype on iPad, not sure how to quit.
Not sure how to enter the preview mode.",2,False,renfrew Chen,Not sure how to interact with the app.,ca
217,2022-02-04 21:55:50,I already have status bar in my UIs and apps status bar overlaying it.,4,False,Kaminsri,Remove Status Bar in preview mode,ca
218,2021-11-24 17:15:12,"One day it works, the next it doesn‚Äôt. 

It either doesn‚Äôt load and all I see is a black screen or when I click a frame, it doesn‚Äôt mirror on the phone. 

It hasn‚Äôt worked for days now.",2,False,mackenzielizabeth,Works when it wants to,ca
219,2022-01-10 21:15:25,I seriously don‚Äôt understand why the previous app had so many bad reviews. It was way more functional. All this app needs to do is mirror designs on the phone. This new update is so convoluted and messy. I have to close the app every time I want to get back to the homepage because the ‚Äúgo back‚Äùfunctionality is almost non existent.,1,False,Januswrong,New app update bad,ca
220,2022-02-17 14:23:25,I dont see why I‚Äôm forced to update from iOS 14.3 which is barely over a year old to continue using Figma... I need to stay on iOS 14.3 so i wont be able to use the app anymore... sad,1,False,MckHerbert28,Forced to update iOS in less than a year,ca
221,2020-12-23 04:15:09,"I‚Äôve seen a lot of bad comments, but I never had any problem with it.",5,False,Ladypink1234,Work perfectly,ca
222,2021-09-23 13:03:17,Can‚Äôt even access the app after logging in,1,False,MR. SheepXD,Doesn‚Äôt load,ca
223,2021-05-12 20:54:06,Often nothing happens and you‚Äôre just clueless as to what to do. Definitely missing an option to allow to reload or re-sync or at least instructions or hints instead of empty screen with no option or action.,2,False,EcoVoy,Great but not so great,ca
224,2021-03-31 03:40:19,"iPad and phone, it doesn‚Äôt let me do anything. Shows me a wifi icon and suggests I can log out, but that does nothing as well. I have a bunch projects and designs in my Figma account, but absolutely nothing shows here.",1,False,RSB0123,Useless.,ca
225,2020-11-23 20:14:23,The mirror app flickers a lot when showing a frame. My internet connection is strong but I guess the app has a hard time keeping a stable connection,5,False,johndoe991711,Screen Flickering,ca
226,2020-02-25 02:20:35,"This is a phenomenal app, you can view design right on your phone instead of a simulator. The wifi connection is magic. No set up necessary, super responsive. Best of all if you have a prototype, you can tap around on your phone and have animations between cleverness mimicking the actual look and feel of the app. Awesome job devs!! ~ very happy customer",5,False,simonxca,Great way to preview your designs!,ca
227,2020-11-17 23:55:13,"Hi. App works great on my wifi, but a couple of hours in it consumed 65% of my battery. Very impressive! But worth fixing.",4,False,nickname available,"App works for me, but major battery killer",ca
228,2020-10-18 23:45:13,Can‚Äôt preview anything and can‚Äôt log out,1,False,lbb0309,Weird app,ca
229,2020-09-29 14:09:36,"Has not opened once on loading, gives this strange wi-fi icon and a log out link despite having a good wi-fi connection. Even the log out link doesn‚Äôt work",1,False,Ash-WW-N,Does this app even work?,ca
230,2020-05-22 00:42:04,I just wish there was a way to lock onto a frame on the phone because when I tap I think it takes me to the screen of the master component.,4,False,Iwantcandy75,It‚Äôs useful for seeing how your UI will look on a real device,ca
231,2020-04-15 06:10:34,The App gets stuck when you login with Google.,1,False,Sam Dayani,Crashes when you login with google account,ca
232,2018-08-27 21:28:15,"The web browser version still has the navigation show so would be nice to send a link that opens in a figma mirror app. 

Alex",4,False,rand_734,Great for previews would be nice for client demo,ca
233,2018-06-05 00:45:26,"I was very disappointed when I found out that you can‚Äôt interact with a prototype within this app, I really hope you could add this!",3,False,Benjamin Six,Lacking Something Huge!,ca
234,2022-07-13 07:35:50,"Google sign in a pain, need to make it easier that email and password all the time, takes away the benefit of the login",5,False,Glimmer888,Great app,gb
235,2022-07-12 23:58:18,"I love that they added file exploration within the app, and decoupled the need for Figma to be mirrored from another device.

That said, I feel like they moved on to bigger and better things before they got the fundamentals right. A lot of people do in fact prioritise using Figma mirror, but every time I navigate away from the Figma app (usually to cross reference production or some inspiration) I get black screened and have to exit, then restart the mirroring process.

And if I have to keep logging out and back in rather than just getting feature parity with the Mac app to be able to switch accounts - I‚Äôm going to go back to Sketch (not really)",3,False,Josh Thorley,Can‚Äôt get the original features right,gb
236,2021-12-17 11:16:35,"I was a big fan of the mirror previous to the newest update however now the app refreshes on every desktop click and defaults to whatever frame was created first, meaning I have to constantly go through the process of getting back to the frame I‚Äôm focusing on. It also crashes upon the creation of every new frame which is a lot.

Can‚Äôt stress enough that I‚Äôve been a big fan of the simple previous mirror and that the new update does introduce some great new ideas but the current bugs are causing some major issues. Hopefully we see some patches soon!",3,False,Dan_Irv,New update has caused some issues,gb
237,2022-04-07 11:24:32,"The figma app on IPad is subpar. You cannot use it very well or intuitively on any device that isn‚Äôt desktop. Eg buttons will be disabled randomly, you wont be able to view multiple pages in the same file (the button will be disabled). When colleagues invite you to work stations you are redirected to desktop and not the app. Overall a very poor experience which has impacted my ability to see the files I need and utilise this properly at work.",1,False,Christianacici,Does not work like desktop,gb
238,2022-04-11 13:53:36,"I think this app has potential t be great but need to fix all the bugs and glitches.

Also add more easy to use editing.

A perfect example, in figjam I create a text box with a paragraph in it, if I want to change the color of just one of the words in the paragraph this is an easy editing task, however currently with Figma I can only change the color of every word and thats it.

This is one of many minor nuances which need to be fixed before it can be highly ranked, but I like the overall look, feel & interface so if you can work out these kinks it can be great. Look forward to seeing the direction they go",3,False,l99z99,"Great potential, just not quite there yet",gb
239,2022-10-29 23:47:33,"This is a great app and improved massively. However, you cannot play in preview iPhone prototypes. When you start the play the prototype is massively zooms in passed the iPad dimensions and becomes unusable. This would be a useful picture when working on iPhone designs on the iPad",4,False,jbullimore,"Great app, simple optimisation missing",gb
240,2023-01-10 15:30:25,"Mirror used to work well but now extremely frustrating to use. 

- please let us just log into different accounts and quickly switch like on desktop app. Having to log in and out to different accounts just to use mirror is frustrating.

- mirror will stop working if it is active and you switch apps for a second. The last active screen will stay on screen and never change until you force quit and restart the app

Please fix these issues",3,True,D.dotz,Gone downhill quickly,gb
241,2022-01-06 12:08:49,Finally a mature product for us designers.,5,False,rubbgh,Top tool for mobile design,gb
242,2022-04-01 16:57:59,"Great start, looking forward to more updates!",5,False,eoghanoneill,"Cool, but we need 2 finger tap to undo!",gb
243,2023-02-03 13:21:34,Using the app for mirroring 90% of the time. Mirroring often crashes or won‚Äôt navigate to correct screens after some time mirroring or when app was minimised and brought back (would get stuck on same screen or show black screen; ‚Äúrestart‚Äù won‚Äôt help),1,False,1lebedev,Unreliable mirroring,gb
244,2022-02-09 15:16:09,it‚Äôs a shame that the iPad application is limited to viewing only and no editing or productivity features added. For example add post it notes on a board,2,False,calliopeworks,I was hoping I would be able to edit,gb
245,2022-12-05 15:43:38,"In most cases mirror does not mirror what‚Äôs on figma, it crashes all the time and it‚Äôs very slow.

The core usability of it has been getting consistently worse. 

Focus less on new features and more on what everyones needs which is for it to predictably work.",1,False,BlakeFolgado,"Has become very inconsistent, broken",gb
246,2021-12-19 08:41:23,App is excellent. Thank you so much for making me life as a designer 1000x easier.,5,False,Khalil11,Amazing,gb
247,2022-02-23 15:31:29,Does what it says on the tin,4,False,J Stone UK,Getting better,gb
248,2022-11-22 11:42:36,The app is half-finished. There is no way to go back after you press the Present button etc.,2,False,nikolag00,Not working,gb
249,2022-03-30 11:10:10,"Hey guys love the app but it keeps freezing on my iPad m1 latest edition. I have to then close and re open the app which is super frustrating! 

Please fix this! üôèüôèüôè",2,False,Harry Roper,Love this all but unusable on iPad still,gb
250,2022-05-04 08:47:30,"Mirror only seems to display preview versions of raster images, which makes pixel perfect design next to impossible",2,False,PDJM,Please fix the low resolution image bug,gb
251,2022-03-18 21:18:04,I was excited by figjam coming to iPad. But the Apple Pencil drawing support is dreadful. It‚Äôs really laggy and not very responsive. Not smooth at all like other iPad apps.,2,False,devanealex,Apple Pencil support is poor,gb
252,2022-04-28 16:09:49,File is too big to view on iPhone even though there isn‚Äôt much in it,1,False,andrew)(&^%$¬£¬£@@,Can‚Äôt view files on iPhone,gb
253,2022-06-08 16:47:07,I have to kill the app so many times just to mirror the correct frame. WHY is this such a buggy app!!?? üò´,1,False,ShivamTiwari,It never works,gb
254,2021-11-16 11:59:49,"This app is amazing for testing designs quickly and easily on mobile and ipad!

HOWEVER‚Ä¶one ask that is quite annoying is that you cannot seem to hide the hotspots lighting up on ipad and mobile which means that it is unusable for real usability testing as it helps to user too much. Whereas you can hide this feature on desktop figma.",5,False,Haydjk,Brilliant app to show product owners designs and prototypes,gb
255,2022-02-18 22:08:59,It doesn‚Äôt let me log in!,1,False,vicerd,Doesn‚Äôt work,gb
256,2022-08-24 14:48:55,As title says,1,False,deadturbo,Useless without comments,gb
257,2022-06-25 16:46:17,"it‚Äôs not Figma AND figjam, it‚Äôs just figjam",2,False,Archiechee,where‚Äôs Figma,gb
258,2018-05-24 13:05:32,"Unlike a competitor (who shall not be named), Figma‚Äôs mirror app actually is reliable, and remains connected even when your phone goes from WiFi to cellular etc. My one request would be to integrate the prototyping function into this app, so that mobile designs can be made interactive in situ. Otherwise great work!",5,False,Ragniblov,Stable! Reliable! Free!,gb
259,2020-06-23 07:00:26,"I got this app about 2 years ago and it‚Äôs been great for quickly evaluating designs on a device. The main problem is that it automatically scales designs to fit the screen, so a design meant for iPhone 5 looks ridiculous on an iPad. It‚Äôs free, so I can see why it‚Äôs not a comprehensive solution for testing on mobile, but in 2 years nothing has really changed. I think it‚Äôs been somewhat forgotten about.",3,False,Chrismhs,Disappointing,gb
260,2018-08-09 19:48:36,"Really neat! Love how easy it is. It would be nice to be able to pin a layer so I can see how the design looks as a whole whilst editing

Only criticism is that the scroll performance is terrible on my SE üòû",5,False,Jacobp100,Awesome!,gb
261,2018-02-06 13:15:06,"No matter how I love Figma, this mirror app is performing very bad. Due to its cloud-based nature, there is extreme latency between me modifying a design and the app reflecting it. It usually doesn't load images at first.
Apps like Flinto for iOS, Sketch Mirror or Adobe Device Preview work well because they can be connected via Wifi or USB. This would help a lot to enable people to design properly. Or a paid Figma plan which would guarantee better latency, bandwidth for these solutions to work well :)",2,False,petrchutny,"Good idea, bad execution.",gb
262,2019-07-22 15:17:36,"This app works really well, super simple and instant. I hope they don‚Äôt try and over complicate it",5,False,dyniol53,Simple and good,gb
263,2020-11-04 14:09:07,"My iPad updated last night, and now the app is flickering like there is a loose connection to the Wi-Fi! This is a great app and I use it all the time. Will knock it back to 5 stars what is this bug is sorted",4,False,James Bartlett,Bug in new iPadOS ?,gb
264,2020-08-09 15:06:27,The app shows real time changes to the layout effortlessly which is really cool. Love it! Figma is great.,5,False,aicblopes,Live mirroring is great,gb
265,2022-11-25 12:12:38,Works well on mobile not on iPad (won‚Äôt even open,3,False,scritchproductions,Not opening latest version on my iPad,gb
266,2021-07-13 10:27:50,"It‚Äôs really bad and full of bugs, not just this little useless app but the main software as well.
I really dunno how this mediocre tool has become an industry standard. Luckily there‚Äôs still a lot of creative agencies and studios that uses the good old Sketch üíé",1,False,Marco b-za London,Worst design software ever,gb
267,2021-08-26 00:27:51,You load up app then you end up on black screen and only option is to log out,1,False,christofac,Doesn‚Äôt work,gb
268,2020-04-25 16:41:24,I need to hard-restart the app as it keeps freezing so I cannot preview the current view. Such an essential tool of design should be robust and reliable.,1,False,Warrior1560,Repelling,gb
269,2021-06-15 10:49:50,Trash. For an app that‚Äôs so incredible on the Mac this is beyond sub par - doesn‚Äôt work and no helpers in app or anything to help understand why.,1,False,TimParker,Doesn‚Äôt work,gb
270,2019-03-04 16:29:21,"Logged in and all I see is a black screen and a message about WiFi/ cellular network? No designs. No editing. No commenting.
Am I missing something?",1,False,Jmill123,Useless,gb
271,2019-11-09 21:12:41,Could only see a logout button.,1,False,Qawsedcxzas,Blank screen,gb
272,2022-10-13 22:55:13,"–ú—ñ–π –ø–æ–ø–µ—Ä–µ–¥–Ω—ñ–π –≤—ñ–¥–≥—É–∫ —á–æ–º—É—Å—å –Ω–∞ –æ–ø—É–±–ª—ñ–∫–æ–≤–∞–Ω–æ
–í—Å–µ –¥—É–∂–µ –ø–æ–≥–∞–Ω–æ
–†–æ–∑—Ä–æ–±–Ω–∏–∫–∏,–∞–≥–æ–≤!
–©–æ—Å—å —Ä–æ–±—ñ—Ç—å
–í—Å—ñ –±–ª–æ–≥–µ—Ä–∏ –≤–∞—Å –ø—ñ–∞—Ä—è—Ç—å,—Ä–µ–∫–ª–∞–º—É –∫—É–ø–∏–ª–∏ –∞ –¥–∞–ª—ñ  —â–æ?",1,False,happy_london_photo,–î—É–∂–µ –ø–æ–≥–∞–Ω–æ,gb
273,2022-03-20 15:43:40,Keyboard does not appear in username box.,1,False,Theo in London,Cant login,gb
274,2021-12-07 16:12:56,I mean really?,2,False,dodybryer,"Can‚Äôt log in, input doesn‚Äôt trigger keyboard, lmao",gb
275,2023-02-01 13:01:20,Please remove the last frame i‚Äôve had in preview mode. Preview still loses connection frequently.,4,False,heinbez,Good with room for preview to be improved.,au
276,2022-06-21 06:19:26,Whilst Figma‚Äôs desktop experience is great their iPad app leaves a lot to be desired. The idea of being able to sketch ideas faster with an Apple Pencil sounds great until you realise the app has no palm rejection which causes the pencil feedback to be really unresponsive and litters your art board which heaps of dots from your hand as you write/draw.,3,False,Strafer993,Mediocre,au
277,2021-12-14 02:13:14,"Long term lover of Figma. Amazing desktop service but this recent update to add more functionality than the simple Mirror Frames task feels like a waste of potential. 

I‚Äôm sure they‚Äôll fix it but currently it just feels so unreliable to actually use for Mirror prototyping, which I used to do a lot of.

It‚Äôs current state is just a half baked progression that I can‚Äôt use anymore -.-",2,False,discotuppy,Love Figma but the app is pretty hard to love,au
278,2022-10-20 03:24:33,such app much design wow,5,False,ryanpwaldon,wow,au
279,2022-08-11 11:18:17,"Mirroring is so unreliable. Always freezes, and the only way to fix it is to close app & reopen. And prototypes are sooo jittery.
Long way short of the quality were used to from the desktop experience",2,False,anordinaryperson,Buggy and jittery when viewing prototypes,au
280,2022-06-16 00:44:01,"Figma build amazing products but this one needs work. Crashes, pen is wonky & won‚Äôt load a large file. Looking forward to future. Releases!",3,False,Dazzza:,Great start,au
281,2022-07-20 06:16:12,"As a product manager I need the basic ability to view the designs and comment to give feedback on the go.

If this is not one of the main value propositions of the app, what is?",1,False,Ophilli,Missing key collaboration features,au
282,2022-01-26 23:29:58,It was reported as of June ‚Äò21 that mirroring doesn‚Äôt work from the desktop app to mobile in iOS 15. 7 months later Figma has seemingly abounded their customer base.,2,False,Waldo4280,Be great if mirroring works!,au
283,2022-07-03 22:54:01,"App gives read-only access to boards, unable to edit anything even as the owner account. One of the most useless apps I've ever downloaded.",1,False,Gridfire,Read-only,au
284,2022-07-11 05:27:18,""" You need to create a mobile app that does everything a computer can

C hat",1,False,' blah .o,',au
285,2022-10-07 04:58:47,This is the company‚Äôs software you use to CREATE AND DESIGN APPS and they have this atrocious and lazy lacklustre nonsense they call an ‚Äúapp‚Äù?! This is embarrassing Figma! It makes no sense that it‚Äôs this bad?!,1,False,Natie Klopper,What the hell?!,au
286,2022-08-24 21:32:38,Seriously it was perfect until I can‚Äôt copy & paste text on the canvas. Please fix this üôèüèΩüôèüèΩüôèüèΩüôèüèΩüôèüèΩüôèüèΩüôèüèΩüôèüèΩüôèüèΩ,1,False,Diana Zoe,Can‚Äôt copy and paste text on iPad üò≠,au
287,2019-03-19 12:23:47,"So, mid design sprint I needed to whip up an MVP concept based on some user feedback and share with my team.

Only problem was, I was given a day... 

Incredibly, I was able to get stuck into Figma so easily that I whipped up said MVP  within 3 hours, intuitively understood how to set up transitions and even got the team using Figma mirror to emulate the end result.

They all somehow knew what to do, could easily edit text and even left comment feedback.

10/10!",5,False,seanmarshdesign,Marketing team were stoked!,au
288,2022-12-14 03:04:24,Please fix the mirror tab. Please.,1,False,Lex-zh,üò´,au
289,2020-06-17 15:59:08,"Seems like they forgot they have the app. Why I can't swipe between frames? Every time I need to click on every frame differently in order to reflect on the phone. Really often glitches are happening when I change something on the frame. Group or elements are duplicating each other in the mirror. So I need to close the app and open it again, click on the frame again, and now everything is refreshed. Maybe it makes sense to make pull to refresh? Well, guys, please don't forget about this app it is really useful in the design process.",2,False,Alex_m1ca,Missing functionality,au
290,2019-02-27 03:56:04,"I like the simplicity of Figma Mirror and I like that it works over the internet as some other options won‚Äôt work on our corporate network due to firewalls etc. But the performance of this app is pretty sad. Scrolling and tapping are very laggy, prototypes are almost unusable. Works better as a static preview. Would also be nice to move between frames or even different documents from within the app.",3,False,Psjak,Good but not good enough,au
291,2022-12-11 02:58:27,"Mirroring is such a basic feature that has been so neglected here. Have to re-sync constantly, and can't adjust the scale-to-fit zoom to be 100% which is annoying when you mostly design for a 375w screen and have a larger device. 
@figma Please give this app some love.",3,False,arctic_m0nkey,Buggy,au
292,2018-04-14 04:38:54,"MVP... the V = Viable. This product is not that. It should be possible to load a prototype and click through your links... this does not seem to be possible? You need to click frames on your computer and that frame is mirrored on this app... this is pretty pointless IMO. Also, it's very slow to load new frames! This app is just not useful.",1,False,Lachyw,"Minimum, not Viable",au
293,2020-02-03 03:37:25,Simply refuses to display currently selected frame. Have logged out/in multiple times trying to get it to work. Please add USB connection functionality.,1,False,Jase.H,Rubbish,au
294,2021-03-30 10:03:50,"When it works, it fulfills a basic need. Please improve as it‚Äôs one of the few major blemishes on Figma as it stands currently.",2,False,Loocas Meme,Buggy but with potential,ie
295,2020-08-21 07:29:37,It‚Äôs so good to be able to see your design changes reflected immediately to the device you‚Äôre designing for. It works like magic!,5,False,Scotty-Boy-99,Excellent support to design process.,nz
296,2022-02-15 03:12:38,"My main use-case for this app is being able to preview a tablet design, while drawing it up on the computer. Previous versions were restricted to mirroring the currently selected component ‚Äî not very helpful.

Recent changes finally allow for previewing a prototype and leaving it there! However it appears to be a little buggy as every time I make a change It reloads and takes me to the default flow rather than selected flow.

Looking forward to trying again when this is running better!",3,False,Jeef3,Nearly there!,nz
297,2022-05-24 21:23:00,- Multi accounts please (can‚Äôt view prototypes of projects from other accounts),4,False,√Ñrminius,Milti accounts please,nz
298,2022-06-08 01:08:36,"Used the app for a long time. The mirror would stop working every now and then and it would suddenly work again one day.

Just sick of it.",1,False,usjslkshfjsks,Mirror doesnt work every now and then,nz
299,2021-03-10 00:31:58,Keeps crashing and performance is not the best. Often it wont connect properly and I have to restart the app to get it to connect to my desktop Figma.,3,False,Fyhvcgm,Crashes a lot,nz
